<application>
  <component name="ParameterNameHintsSettings">
    <blacklists>
      <blacklist language="TypeScript" />
      <blacklist language="Rust" />
      <blacklist language="Angular HTML Template" />
      <blacklist language="JavaScript">
        <added pattern="show(modal,props)" />
        <added pattern="_.get(object,path,defaultValue)" />
        <added pattern="createUnionTypeChecker(arrayOfTypeCheckers)" />
        <added pattern="select(selector,args)" />
        <added pattern="put(action)" />
        <added pattern="call(fn,args)" />
      </blacklist>
    </blacklists>
  </component>
</application>